City_ID,City,Country,Date,Lat,Lng,Max Temp,Humidity,Cloudiness,Wind Speed
0,Eureka,US,2022-09-10 22:30:31,40.8021,-124.1637,83.19,74,79,3.0
1,Longyearbyen,SJ,2022-09-10 22:30:32,78.2186,15.6401,33.64,64,75,11.5
2,Zheleznodorozhnyy,RU,2022-09-10 22:25:56,55.7503,38.0042,45.21,60,32,3.49
3,Mana,GF,2022-09-10 22:30:32,5.6592,-53.7767,80.26,79,87,9.17
4,Cabra,ES,2022-09-10 22:30:29,37.4725,-4.4421,76.41,40,23,3.58
5,Hobart,AU,2022-09-10 22:27:04,-42.8794,147.3294,51.66,75,75,6.91
6,Punta Arenas,CL,2022-09-10 22:29:50,-53.15,-70.9167,46.51,61,0,13.8
7,Dikson,RU,2022-09-10 22:30:33,73.5069,80.5464,36.32,77,99,8.12
8,Severo-Kurilsk,RU,2022-09-10 22:30:33,50.6789,156.125,56.8,73,11,12.59
9,Dunedin,NZ,2022-09-10 22:30:34,-45.8742,170.5036,52.81,75,29,3.0
10,Hofn,IS,2022-09-10 22:30:34,64.2539,-15.2082,51.51,93,100,13.89
11,Iquique,CL,2022-09-10 22:27:37,-20.2208,-70.1431,60.84,77,30,6.58
12,Hilo,US,2022-09-10 22:30:35,19.7297,-155.09,86.25,71,40,7.0
13,Cape Town,ZA,2022-09-10 22:27:38,-33.9258,18.4232,56.26,91,22,1.99
14,Port Hardy,CA,2022-09-10 22:30:35,50.6996,-127.4199,57.38,88,20,4.61
15,Teya,RU,2022-09-10 22:30:36,60.3778,92.6267,43.93,97,100,3.29
16,Ribeira Grande,PT,2022-09-10 22:30:36,38.5167,-28.7,73.0,72,100,26.66
17,Bambous Virieux,MU,2022-09-10 22:30:37,-20.3428,57.7575,70.05,73,75,6.91
18,Sena Madureira,BR,2022-09-10 22:30:37,-9.0656,-68.6569,86.79,47,70,2.77
19,Enid,US,2022-09-10 22:28:58,36.3956,-97.8784,69.96,68,40,19.57
20,Portland,US,2022-09-10 22:28:01,45.5234,-122.6762,96.46,13,100,17.27
21,Constitucion,CL,2022-09-10 22:30:38,-35.3333,-72.4167,48.99,78,0,2.39
22,Asyut,EG,2022-09-10 22:30:39,27.181,31.1837,81.23,34,0,13.44
23,Hermanus,ZA,2022-09-10 22:30:39,-34.4187,19.2345,54.81,83,4,12.62
24,Tabas,IR,2022-09-10 22:30:39,33.5959,56.9244,81.03,21,0,0.85
25,Tuktoyaktuk,CA,2022-09-10 22:30:40,69.4541,-133.0374,41.0,81,100,10.36
26,Kodiak,US,2022-09-10 22:30:40,57.79,-152.4072,54.91,76,100,4.61
27,Talnakh,RU,2022-09-10 22:30:41,69.4865,88.3972,36.21,99,100,9.28
28,Olafsvik,IS,2022-09-10 22:30:41,64.8945,-23.7142,49.17,84,69,15.75
29,Qaanaaq,GL,2022-09-10 22:30:42,77.484,-69.3632,36.88,98,100,8.37
30,Breytovo,RU,2022-09-10 22:30:42,58.2993,37.8617,45.09,74,22,5.21
31,Tiksi,RU,2022-09-10 22:30:42,71.6872,128.8694,37.99,88,100,7.9
32,Lazaro Cardenas,MX,2022-09-10 22:27:12,17.9583,-102.2,83.86,78,100,13.02
33,Yellowknife,CA,2022-09-10 22:30:43,62.456,-114.3525,61.32,48,40,21.85
34,Mataura,NZ,2022-09-10 22:30:44,-46.1927,168.8643,51.91,56,4,3.47
35,Bredasdorp,ZA,2022-09-10 22:30:44,-34.5322,20.0403,54.37,77,0,11.99
36,Port Jervis,US,2022-09-10 22:30:44,41.3751,-74.6927,80.15,66,61,4.81
37,Castro,BR,2022-09-10 22:30:45,-24.7911,-50.0119,61.52,98,3,6.6
38,Bluff,NZ,2022-09-10 22:30:45,-46.6,168.3333,47.19,72,3,3.6
39,Saldanha,ZA,2022-09-10 22:30:45,-33.0117,17.9442,51.85,88,27,6.55
40,Ambanja,MG,2022-09-10 22:30:46,-13.6833,48.45,69.85,87,79,2.51
41,Dehloran,IR,2022-09-10 22:30:46,32.6941,47.2679,92.01,12,0,9.08
42,Ushuaia,AR,2022-09-10 22:30:31,-54.8,-68.3,44.26,53,0,10.36
43,Pochutla,MX,2022-09-10 22:30:46,15.7432,-96.4661,84.81,66,85,6.93
44,Iqaluit,CA,2022-09-10 22:30:47,63.7506,-68.5145,40.73,93,75,9.22
45,Kenai,US,2022-09-10 22:30:47,60.5544,-151.2583,57.09,71,40,8.05
46,Namibe,AO,2022-09-10 22:30:47,-15.1961,12.1522,64.89,92,65,4.79
47,Narsaq,GL,2022-09-10 22:31:48,60.9167,-46.05,48.42,69,65,3.04
48,Hasaki,JP,2022-09-10 22:31:48,35.7333,140.8333,73.8,84,100,22.77
49,Hithadhoo,MV,2022-09-10 22:31:49,-0.6,73.0833,81.25,73,51,13.67
50,Carnarvon,AU,2022-09-10 22:31:49,-24.8667,113.6333,63.43,62,0,8.12
51,Saint Anthony,US,2022-09-10 22:30:24,45.0205,-93.218,73.29,44,0,12.66
52,Port Macquarie,AU,2022-09-10 22:31:50,-31.4333,152.9167,66.88,57,16,9.17
53,Saint-Philippe,RE,2022-09-10 22:31:50,-21.3585,55.7679,67.59,71,53,9.62
54,Rikitea,PF,2022-09-10 22:31:51,-23.1203,-134.9692,72.79,72,4,12.28
55,Cidreira,BR,2022-09-10 22:31:51,-30.1811,-50.2056,53.56,65,0,10.69
56,Nikolskoye,RU,2022-09-10 22:31:51,59.7035,30.7861,42.69,82,7,3.33
57,Cabo San Lucas,MX,2022-09-10 22:31:52,22.8909,-109.9124,89.62,65,20,9.22
58,Barrow,US,2022-09-10 22:31:52,71.2906,-156.7887,35.62,100,100,18.41
59,Northam,GB,2022-09-10 22:31:53,51.0333,-4.2167,57.25,87,100,5.55
60,Kapaa,US,2022-09-10 22:31:53,22.0752,-159.319,84.18,72,40,8.05
61,Sitka,US,2022-09-10 22:29:25,57.0531,-135.33,58.89,67,40,8.05
62,Wobulenzi,UG,2022-09-10 22:31:54,0.7283,32.5122,61.9,97,59,1.61
63,Ziro,IN,2022-09-10 22:31:54,27.6333,93.8333,54.12,90,3,2.35
64,Bilibino,RU,2022-09-10 22:31:54,68.0546,166.4372,52.52,48,79,1.43
65,Letlhakane,BW,2022-09-10 22:31:55,-21.4167,25.5833,66.24,24,0,7.72
66,Rajshahi,BD,2022-09-10 22:31:55,24.3667,88.6,77.83,92,100,5.77
67,Luderitz,NA,2022-09-10 22:31:55,-26.6481,15.1594,59.41,69,27,14.7
68,Ostrovnoy,RU,2022-09-10 22:31:56,68.0531,39.5131,47.5,85,97,11.86
69,Otane,NZ,2022-09-10 22:31:56,-39.8833,176.6333,57.0,82,96,5.08
70,Coihaique,CL,2022-09-10 22:27:59,-45.5752,-72.0662,51.75,58,40,5.75
71,Chokurdakh,RU,2022-09-10 22:31:57,70.6333,147.9167,41.05,88,100,4.54
72,Saint George,US,2022-09-10 22:31:57,37.1041,-113.5841,75.79,57,0,9.22
73,Kirkwall,GB,2022-09-10 22:31:58,58.9848,-2.9587,51.96,93,75,3.44
74,East London,ZA,2022-09-10 22:30:12,-33.0153,27.9116,67.77,72,98,4.07
75,Fort Nelson,CA,2022-09-10 22:31:58,58.8053,-122.7002,69.39,24,40,10.36
76,Mahebourg,MU,2022-09-10 22:31:59,-20.4081,57.7,70.09,73,75,6.91
77,Nizhniy Tsasuchey,RU,2022-09-10 22:31:59,50.5167,115.1333,51.55,85,98,12.75
78,Ancud,CL,2022-09-10 22:32:00,-41.8697,-73.8203,50.23,88,72,4.61
79,Leon,MX,2022-09-10 22:31:33,21.1167,-101.6667,82.15,48,98,1.32
80,Lebu,CL,2022-09-10 22:32:00,-37.6167,-73.65,49.19,87,0,14.38
81,Caravelas,BR,2022-09-10 22:32:01,-17.7125,-39.2481,71.42,73,5,9.73
82,Alice Springs,AU,2022-09-10 22:32:01,-23.7,133.8833,57.22,26,100,5.75
83,Torbay,CA,2022-09-10 22:32:02,47.6666,-52.7314,57.58,92,100,32.01
84,Arraial Do Cabo,BR,2022-09-10 22:32:02,-22.9661,-42.0278,73.36,78,75,17.27
85,Kaeo,NZ,2022-09-10 22:32:03,-35.1,173.7833,63.32,80,94,9.62
86,Hue,VN,2022-09-10 22:32:03,16.4667,107.6,77.11,94,40,2.3
87,Souillac,MU,2022-09-10 22:32:04,-20.5167,57.5167,70.18,73,75,6.91
88,Saskylakh,RU,2022-09-10 22:32:04,71.9167,114.0833,33.69,97,100,13.24
89,Antofagasta,CL,2022-09-10 22:27:37,-23.65,-70.4,58.28,79,64,8.21
90,College,US,2022-09-10 22:32:04,64.8569,-147.8028,52.12,79,75,13.8
91,Borogontsy,RU,2022-09-10 22:32:05,62.6683,131.1683,39.15,82,58,7.99
92,Avarua,CK,2022-09-10 22:32:05,-21.2078,-159.775,78.85,78,20,18.41
93,Codrington,AU,2022-09-10 22:32:06,-38.2667,141.9667,50.59,85,100,12.86
94,Broken Hill,AU,2022-09-10 22:32:19,-31.95,141.4333,52.48,62,89,5.95
95,Raglan,NZ,2022-09-10 22:33:07,-37.8,174.8833,62.44,67,76,5.41
96,Vondrozo,MG,2022-09-10 22:33:07,-22.8167,47.2833,58.03,98,43,0.47
97,Cherskiy,RU,2022-09-10 22:33:08,68.75,161.3,52.0,68,97,1.95
98,Nouadhibou,MR,2022-09-10 22:33:08,20.931,-17.0347,72.81,86,6,26.57
99,Esperance,AU,2022-09-10 22:33:09,-33.8667,121.9,51.75,88,95,7.83
100,Dingle,PH,2022-09-10 22:33:09,10.9995,122.6711,77.47,85,84,3.29
101,Katsuura,JP,2022-09-10 22:33:10,35.1333,140.3,74.5,85,100,20.8
102,Toguchin,RU,2022-09-10 22:33:10,55.2353,84.3858,44.24,53,80,3.78
103,Parabel,RU,2022-09-10 22:33:11,58.6978,81.4825,43.99,96,100,3.8
104,Bethel,US,2022-09-10 22:33:12,41.3712,-73.414,81.45,50,30,3.0
105,Vila Velha,BR,2022-09-10 22:33:12,-20.3297,-40.2925,76.95,67,0,20.71
106,Kidal,ML,2022-09-10 22:33:13,18.4411,1.4078,93.31,22,85,2.33
107,Ponta Do Sol,PT,2022-09-10 22:33:13,32.6667,-17.1,78.01,84,97,5.14
108,Leh,IN,2022-09-10 22:33:14,34.1667,77.5833,57.47,59,53,4.18
109,Mapiri,BO,2022-09-10 22:33:14,-15.25,-68.1667,73.4,66,55,1.32
110,Jamestown,US,2022-09-10 22:33:15,42.097,-79.2353,76.01,51,0,9.22
111,Puerto Escondido,MX,2022-09-10 22:30:18,15.85,-97.0667,86.83,58,75,10.36
112,Tevaitoa,PF,2022-09-10 22:33:15,-16.7833,-151.5,78.57,73,4,19.64
113,Luanda,AO,2022-09-10 22:33:16,-8.8368,13.2343,69.78,92,6,7.83
114,Ahipara,NZ,2022-09-10 22:33:16,-35.1667,173.1667,60.93,65,79,12.44
115,Vaini,TO,2022-09-10 22:33:16,-21.2,-175.2,80.76,78,75,6.91
116,Provideniya,RU,2022-09-10 22:33:17,64.3833,-173.3,46.74,69,19,6.06
117,Carlyle,US,2022-09-10 22:33:17,38.6103,-89.3726,87.01,68,74,3.0
118,Krasnoselkup,RU,2022-09-10 22:33:17,65.7,82.4667,38.95,56,100,6.44
119,Sinnamary,GF,2022-09-10 22:33:18,5.3833,-52.95,79.25,82,100,8.41
120,Port Alfred,ZA,2022-09-10 22:33:18,-33.5906,26.891,61.18,94,99,4.0
121,Yatou,CN,2022-09-10 22:33:19,37.15,122.3833,68.0,87,6,0.94
122,Zyryanka,RU,2022-09-10 22:33:19,65.75,150.85,45.81,79,100,3.36
123,Ilhabela,BR,2022-09-10 22:33:20,-23.7781,-45.3581,67.77,93,98,6.6
124,Balkanabat,TM,2022-09-10 22:33:20,39.5108,54.3671,70.95,25,0,2.17
125,Jahazpur,IN,2022-09-10 22:33:21,25.6167,75.2833,80.42,74,2,3.58
126,Leningradskiy,RU,2022-09-10 22:29:16,69.3833,178.4167,39.24,84,79,11.48
127,Saint-Leu,RE,2022-09-10 22:33:21,-21.15,55.2833,70.32,71,41,2.08
128,Dudinka,RU,2022-09-10 22:33:22,69.4058,86.1778,36.63,98,100,8.1
129,Samarai,PG,2022-09-10 22:33:22,-10.6167,150.6667,80.15,83,18,9.78
130,Eshowe,ZA,2022-09-10 22:33:23,-28.8865,31.4699,60.78,85,2,3.15
131,Albany,US,2022-09-10 22:30:41,42.6001,-73.9662,78.58,71,79,2.57
132,Kendari,ID,2022-09-10 22:33:23,-3.945,122.4989,75.58,85,81,3.53
133,Fuxin,CN,2022-09-10 22:33:24,42.0156,121.6589,66.72,74,69,3.98
134,Pointe-Noire,CG,2022-09-10 22:33:24,-4.7761,11.8635,75.27,88,75,2.3
135,Boddam,GB,2022-09-10 22:33:25,57.4667,-1.7833,52.48,84,74,8.23
136,Faanui,PF,2022-09-10 22:33:25,-16.4833,-151.75,78.55,73,4,18.52
137,Daru,PG,2022-09-10 22:33:26,-9.0763,143.2092,80.42,84,76,12.35
138,Byron Bay,AU,2022-09-10 22:33:26,-28.65,153.6167,63.72,54,5,7.65
139,Port Elizabeth,ZA,2022-09-10 22:33:27,-33.918,25.5701,59.31,94,20,16.11
140,Busselton,AU,2022-09-10 22:33:27,-33.65,115.3333,50.7,90,7,2.84
141,Mar Del Plata,AR,2022-09-10 22:34:28,-38.0023,-57.5575,48.94,76,0,8.05
142,Haileybury,CA,2022-09-10 22:34:28,47.449,-79.6373,81.18,52,23,8.97
143,Tomatlan,MX,2022-09-10 22:34:28,19.9333,-105.25,81.9,88,100,6.91
144,Monrovia,LR,2022-09-10 22:30:22,6.3005,-10.7969,76.26,88,100,10.54
145,Amuntai,ID,2022-09-10 22:34:29,-2.4177,115.2494,72.63,97,98,1.59
146,Shimoda,JP,2022-09-10 22:34:30,34.6667,138.95,71.1,71,10,18.57
147,Fortuna,US,2022-09-10 22:34:30,40.5982,-124.1573,81.93,53,85,4.0
148,Mocuba,MZ,2022-09-10 22:34:30,-16.8392,36.9856,68.34,81,0,2.46
149,At-Bashi,KG,2022-09-10 22:34:31,41.1702,75.8106,54.27,35,56,1.14
150,Komsomolskiy,UZ,2022-09-10 22:34:31,40.4272,71.7189,79.52,25,68,9.22
151,New Norfolk,AU,2022-09-10 22:34:32,-42.7826,147.0587,51.3,82,99,1.01
152,Probolinggo,ID,2022-09-10 22:34:32,-7.7543,113.2159,76.5,82,99,5.26
153,Katangli,RU,2022-09-10 22:34:32,51.7102,143.2326,64.44,65,15,15.75
154,Talara,PE,2022-09-10 22:34:33,-4.5772,-81.2719,63.12,87,72,19.6
155,Elizabeth City,US,2022-09-10 22:34:33,36.2946,-76.2511,81.05,70,0,10.36
156,Zanjan,IR,2022-09-10 22:34:33,36.6736,48.4787,56.23,83,49,7.2
157,Concarneau,FR,2022-09-10 22:34:34,47.875,-3.9225,63.39,87,74,5.08
158,Lorengau,PG,2022-09-10 22:34:34,-2.0226,147.2712,81.64,80,50,9.28
159,Morro Bay,US,2022-09-10 22:34:35,35.3658,-120.8499,92.28,69,76,8.99
160,Catuday,PH,2022-09-10 22:34:35,16.2923,119.8062,80.17,78,75,6.6
161,Khatanga,RU,2022-09-10 22:34:36,71.9667,102.5,30.51,95,100,8.14
162,Lyngdal,NO,2022-09-10 22:34:36,58.1376,7.07,59.0,74,96,1.5
163,Opoczno,PL,2022-09-10 22:34:37,51.3757,20.2783,55.9,86,100,4.14
164,Vestmannaeyjar,IS,2022-09-10 22:34:37,63.4427,-20.2734,53.1,90,100,11.05
165,Cururupu,BR,2022-09-10 22:34:38,-1.8283,-44.8683,76.6,84,51,5.23
166,Zhigansk,RU,2022-09-10 22:34:38,66.7697,123.3711,36.57,86,100,12.28
167,Morki,RU,2022-09-10 22:34:38,56.4303,48.9947,44.6,92,86,4.81
168,Georgetown,MY,2022-09-10 22:34:36,5.4112,100.3354,80.53,87,20,3.44
169,Hawera,NZ,2022-09-10 22:34:39,-39.5917,174.2833,58.23,72,99,7.49
170,Biloela,AU,2022-09-10 22:34:39,-24.4167,150.5,67.03,40,95,9.95
171,Luganville,VU,2022-09-10 22:34:40,-15.5333,167.1667,82.35,64,32,9.19
172,Richards Bay,ZA,2022-09-10 22:34:40,-28.783,32.0377,64.76,95,1,3.74
173,Callaguip,PH,2022-09-10 22:34:41,18.0714,120.4867,77.02,100,75,2.3
174,Ilulissat,GL,2022-09-10 22:34:41,69.2167,-51.1,51.82,58,100,14.97
175,Sao Joao Da Barra,BR,2022-09-10 22:34:42,-21.6403,-41.0511,73.49,79,7,7.14
176,Mount Gambier,AU,2022-09-10 22:34:42,-37.8333,140.7667,49.73,88,100,8.86
177,Kpandae,GH,2022-09-10 22:34:43,8.4689,-0.0113,74.79,87,99,2.33
178,Raudeberg,NO,2022-09-10 22:34:43,61.9875,5.1352,51.96,77,5,6.78
179,Crotone,IT,2022-09-10 22:34:43,39.0851,17.1178,77.2,55,0,5.46
180,Homer,US,2022-09-10 22:34:44,59.6425,-151.5483,56.8,63,100,5.75
181,Bauchi,NG,2022-09-10 22:34:44,10.5,10.0,68.41,94,100,3.27
182,Fayetteville,US,2022-09-10 22:34:44,35.0527,-78.8784,79.02,96,100,4.61
183,Araceli,PH,2022-09-10 22:34:45,10.5529,119.9913,82.47,72,87,2.75
184,Contamana,PE,2022-09-10 22:35:45,-7.3333,-75.0167,73.62,89,78,1.77
185,Tha Mai,TH,2022-09-10 22:35:46,12.6214,102.0048,80.06,90,100,3.15
186,Cremona,IT,2022-09-10 22:35:46,45.2333,9.9333,70.38,67,76,3.15
187,Forbesganj,IN,2022-09-10 22:35:46,26.3,87.25,78.12,89,96,8.75
188,Alamos,MX,2022-09-10 22:35:46,27.0167,-108.9333,87.78,53,40,6.73
189,Butaritari,KI,2022-09-10 22:35:47,3.0707,172.7902,81.18,73,3,11.3
190,Honningsvag,NO,2022-09-10 22:35:47,70.9821,25.9704,46.15,87,75,6.91
191,Zaria,NG,2022-09-10 22:35:48,11.1113,7.7227,68.61,94,49,4.92
192,High Level,CA,2022-09-10 22:35:48,58.5169,-117.136,71.71,20,20,10.36
193,Kahului,US,2022-09-10 22:35:44,20.8947,-156.47,89.62,63,40,24.16
194,Watertown,US,2022-09-10 22:34:20,42.3709,-71.1828,82.13,59,40,9.22
195,Klaksvik,FO,2022-09-10 22:35:48,62.2266,-6.589,52.72,90,61,19.19
196,San Policarpo,PH,2022-09-10 22:35:49,12.1791,125.5072,78.94,83,80,3.56
197,Kjollefjord,NO,2022-09-10 22:35:49,70.9457,27.3465,46.45,87,100,9.22
198,Kushiro,JP,2022-09-10 22:33:48,42.975,144.3747,56.35,82,0,4.61
199,Shakiso,ET,2022-09-10 22:35:49,5.75,38.9167,60.58,83,100,3.53
200,Tucuman,AR,2022-09-10 22:35:50,-26.8241,-65.2226,68.0,19,2,9.22
201,Mailsi,PK,2022-09-10 22:35:50,29.8003,72.1758,86.94,52,0,9.8
202,Fort Abbas,PK,2022-09-10 22:35:50,29.1925,72.8536,92.12,44,0,8.72
203,Upernavik,GL,2022-09-10 22:35:51,72.7868,-56.1549,43.03,95,100,5.93
204,Dedza,MW,2022-09-10 22:35:51,-14.3779,34.3332,60.84,45,1,2.33
205,Atuona,PF,2022-09-10 22:35:52,-9.8,-139.0333,77.02,73,5,19.53
206,Victoria,HK,2022-09-10 22:33:59,22.2855,114.1577,83.25,84,20,3.0
207,Bend,US,2022-09-10 22:34:05,44.0582,-121.3153,88.25,22,0,12.66
208,Sambava,MG,2022-09-10 22:35:53,-14.2667,50.1667,66.9,89,28,9.51
209,Dandong,CN,2022-09-10 22:35:53,40.1292,124.3947,66.83,82,37,3.18
210,Karaton,ID,2022-09-10 22:35:53,-6.3424,106.1045,71.76,91,98,1.07
211,Uzunovo,RU,2022-09-10 22:35:54,54.5386,38.6173,42.66,66,33,5.1
212,Nyurba,RU,2022-09-10 22:35:54,63.2842,118.3319,34.02,83,22,5.93
213,Ballina,AU,2022-09-10 22:35:55,-28.8667,153.5667,63.79,68,3,6.4
214,Coquimbo,CL,2022-09-10 22:35:55,-29.9533,-71.3436,56.93,71,100,6.91
215,Nishihara,JP,2022-09-10 22:35:55,26.1842,127.7558,83.48,87,75,10.36
216,Najran,SA,2022-09-10 22:35:56,17.4924,44.1277,77.65,28,91,1.07
217,Tias,ES,2022-09-10 22:35:56,28.9611,-13.645,71.28,83,20,8.05
218,Namatanai,PG,2022-09-10 22:35:56,-3.6667,152.4333,84.29,62,71,12.8
219,Los Llanos De Aridane,ES,2022-09-10 22:35:57,28.6585,-17.9182,71.35,97,40,3.44
220,Kaitangata,NZ,2022-09-10 22:35:57,-46.2817,169.8464,51.94,64,4,5.23
221,San Patricio,US,2022-09-10 22:35:57,28.017,-97.5169,92.12,49,22,12.57
222,Iracoubo,GF,2022-09-10 22:35:58,5.4802,-53.2011,79.74,80,99,8.63
223,Sangar,RU,2022-09-10 22:33:15,63.9242,127.4739,34.95,87,31,5.28
224,Sault Sainte Marie,CA,2022-09-10 22:35:58,46.5168,-84.3333,66.76,84,75,11.5
225,Margate,GB,2022-09-10 22:35:59,51.3813,1.3862,62.69,93,10,1.99
226,Paamiut,GL,2022-09-10 22:35:59,61.994,-49.6678,44.01,78,100,8.55
227,Necochea,AR,2022-09-10 22:35:59,-38.5473,-58.7368,45.1,63,0,7.0
228,San Jose,US,2022-09-10 22:35:50,37.3394,-121.895,83.16,57,75,16.11
229,Comodoro Rivadavia,AR,2022-09-10 22:36:00,-45.8667,-67.5,55.26,50,0,3.44
230,Sao Filipe,CV,2022-09-10 22:37:00,14.8961,-24.4956,79.47,83,48,4.88
231,Quatre Cocos,MU,2022-09-10 22:37:01,-20.2078,57.7625,69.91,71,3,10.42
232,Sakaiminato,JP,2022-09-10 22:37:01,35.55,133.2333,73.38,94,75,2.3
233,Camopi,GF,2022-09-10 22:37:01,3.1655,-52.3158,75.2,81,69,1.61
234,Salvacion,PH,2022-09-10 22:37:02,7.9833,126.1333,75.83,90,97,1.74
235,Villa Sandino,NI,2022-09-10 22:37:02,12.0483,-84.9936,78.17,88,81,5.88
236,Weligama,LK,2022-09-10 22:37:03,5.9667,80.4167,76.84,88,90,11.34
237,Bireun,ID,2022-09-10 22:37:04,5.203,96.7009,77.83,80,98,3.6
238,Nagato,JP,2022-09-10 22:37:04,34.3833,131.2,77.59,82,18,2.37
239,San-Pedro,CI,2022-09-10 22:37:05,4.7485,-6.6363,73.69,92,17,6.29
240,Laurel,US,2022-09-10 22:37:05,39.0993,-76.8483,79.88,72,0,4.61
241,Potosi,BO,2022-09-10 22:37:06,-19.5836,-65.7531,51.89,39,4,3.87
242,Pisco,PE,2022-09-10 22:37:06,-13.7,-76.2167,64.45,72,0,18.41
243,Garh Maharaja,PK,2022-09-10 22:37:07,30.8339,71.9053,85.8,55,0,8.16
244,The Valley,AI,2022-09-10 22:37:07,18.217,-63.0578,85.86,79,20,10.36
245,Bosaso,SO,2022-09-10 22:37:07,11.2842,49.1816,87.82,65,87,3.65
246,Nome,US,2022-09-10 22:35:31,64.5011,-165.4064,46.47,71,100,12.66
247,Aksarka,RU,2022-09-10 22:33:17,66.5606,67.7975,37.4,87,98,3.85
248,Naantali,FI,2022-09-10 22:37:08,60.4674,22.0243,55.85,81,50,1.14
249,Clyde River,CA,2022-09-10 22:37:09,70.4692,-68.5914,39.43,93,100,5.75
250,Morgan Hill,US,2022-09-10 22:37:07,37.1305,-121.6544,82.18,55,0,6.91
251,Bourail,NC,2022-09-10 22:37:09,-21.5667,165.4833,78.84,70,1,1.28
252,Chuy,UY,2022-09-10 22:33:30,-33.6971,-53.4616,45.39,77,0,8.39
253,Hoi An,VN,2022-09-10 22:37:10,15.8794,108.335,76.96,88,33,5.19
254,Krasnoarmeysk,RU,2022-09-10 22:37:11,51.0239,45.6969,45.01,65,18,4.74
255,Champerico,GT,2022-09-10 22:37:11,14.3,-91.9167,79.34,80,93,6.44
256,Pacific Grove,US,2022-09-10 22:33:19,36.6177,-121.9166,78.35,78,20,6.91
257,Bell Ville,AR,2022-09-10 22:37:12,-32.6259,-62.6887,56.66,24,0,7.85
258,Saint-Francois,FR,2022-09-10 22:37:12,46.4154,3.9054,52.68,93,0,3.44
259,Brae,GB,2022-09-10 22:37:13,60.3964,-1.353,49.96,83,48,2.04
260,Sao Miguel Do Araguaia,BR,2022-09-10 22:37:13,-13.275,-50.1628,86.2,19,4,0.56
261,Chimore,BO,2022-09-10 22:37:14,-16.9833,-65.1333,75.6,34,5,1.95
262,Puerto Ayora,EC,2022-09-10 22:37:14,-0.7393,-90.3518,73.36,88,84,5.01
263,Ulundi,ZA,2022-09-10 22:37:15,-28.3352,31.4162,67.3,55,0,4.45
264,Chapais,CA,2022-09-10 22:32:47,49.7834,-74.8492,76.78,59,2,4.05
265,Honiara,SB,2022-09-10 22:37:15,-9.4333,159.95,85.64,64,7,7.02
266,Vila,PT,2022-09-10 22:37:16,42.0304,-8.1588,57.7,83,0,2.77
267,Tuatapere,NZ,2022-09-10 22:37:16,-46.1333,167.6833,51.03,61,2,3.76
268,Poum,NC,2022-09-10 22:37:17,-20.2333,164.0167,76.89,79,0,7.9
269,Fairbanks,US,2022-09-10 22:32:42,64.8378,-147.7164,52.14,79,100,13.8
270,Moyale,KE,2022-09-10 22:37:17,3.5167,39.0584,69.6,68,97,17.36
271,Harper,LR,2022-09-10 22:37:18,4.375,-7.7169,75.45,84,43,9.57
272,Puertollano,ES,2022-09-10 22:37:18,38.6871,-4.1073,81.19,36,16,4.85
273,Kristiinankaupunki,FI,2022-09-10 22:37:18,62.2743,21.376,47.07,80,23,6.11
274,Tasiilaq,GL,2022-09-10 22:37:19,65.6145,-37.6368,41.16,79,8,1.83
275,Shenjiamen,CN,2022-09-10 22:37:19,29.9576,122.298,76.59,80,22,8.7
276,Maunabo,PR,2022-09-10 22:38:21,18.0072,-65.8993,84.02,86,96,7.87
277,Kavieng,PG,2022-09-10 22:38:22,-2.5744,150.7967,82.29,77,40,13.69
278,Lompoc,US,2022-09-10 22:38:22,34.6391,-120.4579,85.59,67,40,9.22
279,Yar-Sale,RU,2022-09-10 22:38:23,66.8333,70.8333,39.97,83,100,5.19
280,Mogapi,BW,2022-09-10 22:38:23,-22.323,27.8349,66.79,31,0,3.13
281,Segovia,ES,2022-09-10 22:38:23,41.1667,-4.0,74.12,42,44,7.25
282,Manzil Salim,TN,2022-09-10 22:38:24,35.8567,8.4765,78.19,48,89,1.83
283,Gat,IL,2022-09-10 22:38:24,31.61,34.7642,76.41,72,0,2.59
284,Boa Vista,BR,2022-09-10 22:38:25,2.8197,-60.6733,85.98,64,40,10.36
285,Franklin Park,US,2022-09-10 22:38:25,41.9353,-87.8656,85.89,46,75,9.22
286,Hailar,CN,2022-09-10 22:38:26,49.2,119.7,63.25,39,70,4.05
287,Taksimo,RU,2022-09-10 22:38:27,56.3444,114.8794,42.98,74,18,0.27
288,Aklavik,CA,2022-09-10 22:38:27,68.2191,-135.0107,44.29,96,100,5.77
289,Belmonte,BR,2022-09-10 22:38:28,-15.8631,-38.8828,70.5,71,2,7.38
290,Santiago Del Estero,AR,2022-09-10 22:38:28,-27.7951,-64.2615,63.79,21,1,7.52
291,Nieuw Amsterdam,SR,2022-09-10 22:38:28,5.8833,-55.0833,80.62,86,40,2.3
292,Solnechnyy,RU,2022-09-10 22:38:29,50.7214,136.6319,64.87,72,14,4.5
293,Salalah,OM,2022-09-10 22:38:29,17.0151,54.0924,78.89,89,75,6.91
294,Redmond,US,2022-09-10 22:34:13,47.674,-122.1215,97.23,26,0,5.99
295,Maceio,BR,2022-09-10 22:36:28,-9.6658,-35.7353,72.84,94,100,4.61
296,Krutinka,RU,2022-09-10 22:38:30,56.0055,71.5113,44.2,86,100,9.08
297,Athabasca,CA,2022-09-10 22:36:40,54.7169,-113.2854,72.01,19,3,11.16
298,Izhma,RU,2022-09-10 22:38:30,65.0083,53.9113,42.94,96,99,3.67
299,Balikpapan,ID,2022-09-10 22:38:31,-1.2675,116.8289,76.19,100,40,5.75
300,Baneh,IR,2022-09-10 22:38:31,35.9975,45.8853,60.46,17,0,3.13
301,Humboldt,US,2022-09-10 22:38:31,40.6665,-123.9178,73.13,34,83,4.05
302,Liverpool,GB,2022-09-10 22:38:32,53.4106,-2.9779,59.61,86,0,8.05
303,Svetlogorsk,BY,2022-09-10 22:38:32,52.6333,29.7333,49.12,96,100,17.69
304,Geraldton,AU,2022-09-10 22:38:33,-28.7667,114.6,48.61,93,0,8.05
305,Kalmunai,LK,2022-09-10 22:38:33,7.4167,81.8167,78.48,76,86,2.48
306,Mecca,SA,2022-09-10 22:38:34,21.4267,39.8261,90.07,38,57,3.42
307,Kolokani,ML,2022-09-10 22:38:34,13.5728,-8.0339,71.55,96,100,4.85
308,Massakory,TD,2022-09-10 22:38:34,12.996,15.7293,76.42,85,74,0.89
309,Bavly,RU,2022-09-10 22:38:35,54.393,53.2602,44.6,84,100,5.28
310,Awbari,LY,2022-09-10 22:38:35,26.5921,12.7805,77.74,20,0,7.05
311,Porto Belo,BR,2022-09-10 22:38:35,-27.1578,-48.5531,61.79,69,100,11.65
312,Airai,TL,2022-09-10 22:38:36,-8.9266,125.4092,64.4,54,64,2.1
313,Kaputa,ZM,2022-09-10 22:38:36,-8.4689,29.6619,75.76,48,55,2.3
314,Mount Isa,AU,2022-09-10 22:38:36,-20.7333,139.5,69.57,26,5,8.05
315,Kailua,US,2022-09-10 22:38:37,21.4022,-157.7394,87.78,73,32,1.01
316,Vila Franca Do Campo,PT,2022-09-10 22:38:37,37.7167,-25.4333,72.19,85,100,14.85
317,Auki,SB,2022-09-10 22:38:38,-8.7676,160.7034,82.89,68,15,2.57
318,Taoudenni,ML,2022-09-10 22:38:38,22.6783,-3.9836,98.76,15,50,6.82
319,Nioro,GM,2022-09-10 22:38:38,13.35,-15.75,75.99,94,100,8.25
320,Santa Cruz,BO,2022-09-10 22:38:39,-17.8,-63.1667,77.05,25,75,5.75
321,Neryungri,RU,2022-09-10 22:39:39,56.6709,124.6491,39.76,83,33,3.47
322,Broome,US,2022-09-10 22:39:39,42.2506,-75.833,76.57,65,0,5.75
323,Jesup,US,2022-09-10 22:39:40,31.6074,-81.8854,83.95,88,100,0.0
324,Kruisfontein,ZA,2022-09-10 22:39:40,-34.0033,24.7314,55.92,72,57,15.86
325,North Bend,US,2022-09-10 22:39:40,43.4065,-124.2243,88.25,60,0,16.11
326,Capao Bonito,BR,2022-09-10 22:39:41,-24.0058,-48.3494,57.24,96,54,11.92
327,Young,UY,2022-09-10 22:39:41,-32.6833,-57.6333,48.24,56,0,2.04
328,Chihuahua,MX,2022-09-10 22:35:26,28.5,-106.0,82.2,42,62,6.29
329,Khartoum,SD,2022-09-10 22:38:25,15.5518,32.5324,90.01,54,70,1.01
330,Berlevag,NO,2022-09-10 22:39:42,70.8578,29.0864,46.4,81,100,12.66
331,Tura,IN,2022-09-10 22:39:42,25.5198,90.2201,73.06,97,92,5.12
332,Galveston,US,2022-09-10 22:39:42,29.3669,-94.9669,91.49,62,20,9.22
333,Mattru,SL,2022-09-10 22:39:43,7.6244,-11.8332,73.17,95,100,3.02
334,Limon,CR,2022-09-10 22:39:43,10.0,-83.0333,84.09,74,75,5.75
335,Maningrida,AU,2022-09-10 22:37:19,-12.0667,134.2667,79.54,66,29,5.26
336,Hagenow,DE,2022-09-10 22:39:44,53.4333,11.1833,60.39,97,45,6.02
337,Omboue,GA,2022-09-10 22:39:44,-1.5746,9.2618,74.53,89,97,9.01
338,Atar,MR,2022-09-10 22:39:45,20.5169,-13.0499,98.33,18,52,1.41
339,Palana,RU,2022-09-10 22:39:45,59.1167,159.9667,46.6,94,99,19.42
340,Kampene,CD,2022-09-10 22:39:45,-3.6,26.6667,69.33,92,76,0.76
341,Bouna,CI,2022-09-10 22:39:46,9.2667,-3.0,72.52,94,100,4.74
342,Ola,RU,2022-09-10 22:39:46,59.5833,151.2833,52.32,82,2,1.12
343,Choix,MX,2022-09-10 22:39:47,26.7092,-108.3219,91.54,49,13,7.49
344,Emba,KZ,2022-09-10 22:39:47,48.8264,58.1442,49.08,70,70,20.96
345,Ishigaki,JP,2022-09-10 22:39:48,24.3448,124.1572,82.53,94,75,24.16
346,Kununurra,AU,2022-09-10 22:39:48,-15.7667,128.7333,71.58,88,0,0.0
347,Palauig,PH,2022-09-10 22:39:48,15.435,119.9045,81.54,77,97,2.26
348,Mangaluru,IN,2022-09-10 22:39:49,12.8667,74.8833,77.86,88,75,6.91
349,Yantal,RU,2022-09-10 22:39:49,56.8471,105.2542,39.16,91,15,4.41
350,Inhambane,MZ,2022-09-10 22:39:50,-23.865,35.3833,67.66,88,0,10.94
351,Vanimo,PG,2022-09-10 22:39:50,-2.6741,141.3028,79.56,85,100,3.15
352,Hambantota,LK,2022-09-10 22:39:50,6.1241,81.1185,77.88,83,96,16.13
353,Bathsheba,BB,2022-09-10 22:39:51,13.2167,-59.5167,83.01,74,20,11.5
354,Shingu,JP,2022-09-10 22:39:51,33.7333,135.9833,79.43,73,81,6.62
355,Hare Bay,CA,2022-09-10 22:39:51,48.8499,-54.0148,53.2,82,100,15.73
356,Nouakchott,MR,2022-09-10 22:35:16,18.0858,-15.9785,80.49,79,81,14.03
357,Buraydah,SA,2022-09-10 22:39:52,26.326,43.975,84.65,16,3,8.57
358,Lagoa,PT,2022-09-10 22:39:52,39.05,-27.9833,71.78,75,100,29.57
359,Thinadhoo,MV,2022-09-10 22:39:53,0.5333,72.9333,81.37,72,90,14.61
360,Pangkalanbuun,ID,2022-09-10 22:39:53,-2.6833,111.6167,73.65,97,99,1.79
361,Mitsamiouli,KM,2022-09-10 22:39:54,-11.3847,43.2844,75.04,73,11,5.37
362,Susangerd,IR,2022-09-10 22:39:54,31.5608,48.1831,95.38,11,0,9.31
363,Mareeba,AU,2022-09-10 22:39:54,-17.0,145.4333,75.49,82,46,4.45
364,Karaman,TR,2022-09-10 22:39:55,37.0833,33.25,62.91,25,0,1.32
365,Port Hedland,AU,2022-09-10 22:39:55,-20.3167,118.5667,60.85,100,0,5.75
366,Davila,PH,2022-09-10 22:39:55,18.4726,120.5763,76.98,80,100,10.04
367,Fare,PF,2022-09-10 22:39:56,-16.7,-151.0167,78.44,73,0,19.84
368,Puerto Penasco,MX,2022-09-10 22:40:56,31.3167,-113.5333,85.91,69,100,7.0
369,Qianguo,CN,2022-09-10 22:40:57,45.1171,124.8568,68.2,77,100,8.34
370,Torrijos,ES,2022-09-10 22:40:57,39.9819,-4.2835,76.33,35,0,2.55
371,Poronaysk,RU,2022-09-10 22:40:57,49.2167,143.1167,63.81,57,0,3.31
372,Buala,SB,2022-09-10 22:40:58,-8.145,159.5921,84.31,67,23,10.65
373,Kloulklubed,PW,2022-09-10 22:40:58,7.0419,134.2556,77.5,69,59,3.42
374,Mus,TR,2022-09-10 22:40:58,39.0,41.75,60.12,23,0,2.66
375,Mpanda,TZ,2022-09-10 22:40:59,-6.3655,31.0409,70.39,48,32,1.12
376,Nuevitas,CU,2022-09-10 22:40:59,21.5453,-77.2644,82.92,77,7,9.28
377,Green River,US,2022-09-10 22:40:59,41.5286,-109.4662,72.19,31,0,1.01
378,Lasa,IT,2022-09-10 22:41:00,46.6166,10.7002,58.08,93,76,4.61
379,Onguday,RU,2022-09-10 22:41:00,50.75,86.15,45.21,67,95,3.15
380,Thompson,CA,2022-09-10 22:41:00,55.7435,-97.8558,60.96,48,75,16.11
381,Anadyr,RU,2022-09-10 22:41:01,64.75,177.4833,48.7,66,75,6.71
382,Thayetmyo,MM,2022-09-10 22:41:01,19.3167,95.1833,74.25,97,100,4.03
383,Vanavara,RU,2022-09-10 22:41:01,60.34,102.2797,38.3,96,99,5.14
384,Trumbull,US,2022-09-10 22:41:02,41.3167,-80.7665,78.91,53,75,9.22
385,Umba,RU,2022-09-10 22:41:02,66.6871,34.3429,48.88,93,97,4.74
386,Bjelovar,HR,2022-09-10 22:41:03,45.8986,16.8489,56.98,87,89,2.77
387,Senneterre,CA,2022-09-10 22:41:03,48.3835,-77.2328,70.3,66,8,4.23
388,Shache,CN,2022-09-10 22:41:04,38.4167,77.2406,71.71,16,100,2.84
389,Shieli,KZ,2022-09-10 22:41:04,44.1667,66.75,57.58,44,16,11.72
390,Beinamar,TD,2022-09-10 22:41:04,8.6698,15.3813,69.08,97,92,3.74
391,Kamina,CD,2022-09-10 22:41:05,-8.7386,24.9906,68.2,58,51,3.87
392,Saint-Joseph,RE,2022-09-10 22:41:06,-21.3667,55.6167,66.58,72,54,7.18
393,Antibes,FR,2022-09-10 22:41:06,43.5624,7.1278,73.2,60,0,6.91
394,San Quintin,MX,2022-09-10 22:40:23,30.4833,-115.95,77.79,72,62,13.02
395,Nabire,ID,2022-09-10 22:41:06,-3.3667,135.4833,77.97,87,100,1.3
396,Martapura,ID,2022-09-10 22:41:07,-3.4167,114.85,75.29,94,28,0.0
397,Hami,CN,2022-09-10 22:41:08,42.8,93.45,75.72,22,0,7.31
398,Buin,CL,2022-09-10 22:41:08,-33.7333,-70.75,63.43,77,0,3.22
399,Norman Wells,CA,2022-09-10 22:41:09,65.282,-126.8329,51.84,76,75,8.05
400,Inta,RU,2022-09-10 22:41:09,66.0317,60.1659,40.15,93,100,11.9
401,Puerto Narino,CO,2022-09-10 22:41:10,-3.7703,-70.3831,74.5,97,85,2.93
402,High Rock,BS,2022-09-10 22:41:10,26.6208,-78.2833,86.02,71,13,6.24
403,Moree,AU,2022-09-10 22:37:36,-29.4667,149.85,56.26,67,92,11.43
404,Bubaque,GW,2022-09-10 22:41:11,11.2833,-15.8333,80.62,81,97,10.25
405,Avera,US,2022-09-10 22:41:11,33.194,-82.5271,78.39,88,99,4.16
406,Maniitsoq,GL,2022-09-10 22:41:12,65.4167,-52.9,45.72,79,100,15.3
407,Klyuchi,RU,2022-09-10 22:41:12,52.2667,79.1667,54.14,30,100,8.37
408,Campbellton,CA,2022-09-10 22:41:13,48.0075,-66.6727,72.05,85,0,1.83
409,Alofi,NU,2022-09-10 22:41:13,-19.0595,-169.9187,82.29,65,54,13.8
410,Port Lincoln,AU,2022-09-10 22:41:14,-34.7333,135.8667,51.78,76,86,6.08
411,Matay,EG,2022-09-10 22:41:14,28.419,30.7792,78.66,47,0,15.97
412,Te Anau,NZ,2022-09-10 22:41:15,-45.4167,167.7167,47.93,60,14,0.69
413,Alta Floresta,BR,2022-09-10 22:41:15,-9.8756,-56.0861,85.35,23,20,4.61
414,Honolulu,US,2022-09-10 22:37:58,21.3069,-157.8583,87.62,59,75,11.5
415,Gizo,SB,2022-09-10 22:41:16,-8.103,156.8419,83.17,70,28,7.25
416,Batemans Bay,AU,2022-09-10 22:42:17,-35.7167,150.1833,53.1,73,7,2.44
417,Balkhash,KZ,2022-09-10 22:42:17,46.844,74.9804,64.76,61,100,2.21
418,Tam Ky,VN,2022-09-10 22:42:17,15.5667,108.4833,74.98,93,27,4.45
419,Mattawa,US,2022-09-10 22:42:18,46.7379,-119.9028,87.01,13,0,5.77
420,Bagar,IN,2022-09-10 22:42:18,28.1874,75.5005,84.43,56,0,5.06
421,Pevek,RU,2022-09-10 22:42:18,69.7008,170.3133,40.98,82,84,3.91
422,Kemise,ET,2022-09-10 22:42:19,10.7167,39.8667,65.89,92,100,5.14
423,Chernyshevskiy,RU,2022-09-10 22:42:19,63.0128,112.4714,33.51,84,89,2.8
424,Lavrentiya,RU,2022-09-10 22:42:19,65.5833,-171.0,43.75,82,96,6.02
425,Marsh Harbour,BS,2022-09-10 22:42:20,26.5412,-77.0636,85.41,70,29,6.22
426,Mikkeli,FI,2022-09-10 22:42:20,61.6886,27.2723,49.14,100,0,1.14
427,Camacha,PT,2022-09-10 22:42:21,33.0833,-16.3333,72.82,88,20,9.22
428,Ojinaga,MX,2022-09-10 22:42:21,29.5667,-104.4167,96.57,36,0,4.61
429,Bad Segeberg,DE,2022-09-10 22:42:22,53.9333,10.3167,59.52,97,44,6.11
430,Autazes,BR,2022-09-10 22:42:22,-3.5797,-59.1306,87.21,39,24,2.51
431,Cayenne,GF,2022-09-10 22:42:22,4.9333,-52.3333,80.64,83,0,3.44
432,Semme,FR,2022-09-10 22:42:22,46.1963,1.5007,61.21,85,23,3.51
433,Gornopravdinsk,RU,2022-09-10 22:42:23,60.05,69.9,43.5,93,100,3.31
434,Kudymkar,RU,2022-09-10 22:42:23,59.0173,54.656,41.68,97,100,4.18
435,Ponta Delgada,PT,2022-09-10 22:42:24,37.7333,-25.6667,72.5,83,75,16.11
436,Funadhoo,MV,2022-09-10 22:42:24,6.15,73.2667,80.28,82,100,16.51
437,Guerrero Negro,MX,2022-09-10 22:42:25,27.9769,-114.0611,85.91,54,14,6.51
438,Cockburn Town,TC,2022-09-10 22:38:25,21.4612,-71.1419,84.4,75,6,14.34
439,Talcahuano,CL,2022-09-10 22:42:25,-36.7167,-73.1167,55.08,76,0,8.05
440,Surt,LY,2022-09-10 22:42:25,31.2089,16.5887,78.37,65,0,8.55
441,Otradnoye,RU,2022-09-10 22:42:26,59.7775,30.8181,42.85,82,5,3.31
442,Noumea,NC,2022-09-10 22:42:26,-22.2763,166.4572,80.58,99,2,3.94
443,Maumere,ID,2022-09-10 22:42:26,-8.6199,122.2111,78.04,78,19,5.08
444,Acapulco,MX,2022-09-10 22:40:54,16.8634,-99.8901,84.02,74,75,2.3
445,Antalaha,MG,2022-09-10 22:42:27,-14.9003,50.2788,65.35,87,10,6.11
446,Maragogi,BR,2022-09-10 22:42:22,-9.0122,-35.2225,73.71,84,43,10.29
447,Khuzhir,RU,2022-09-10 22:42:27,53.1939,107.3397,50.41,64,42,5.41
448,Port-Cartier,CA,2022-09-10 22:42:27,50.0334,-66.8654,59.11,92,13,2.33
449,Mulege,MX,2022-09-10 22:42:28,26.8833,-111.9833,85.3,62,32,6.96
450,San Andres,CO,2022-09-10 22:42:28,12.5847,-81.7006,86.02,79,100,5.75
451,Ayan,RU,2022-09-10 22:42:28,56.45,138.1667,53.31,71,99,8.86
452,Ayagoz,KZ,2022-09-10 22:41:20,47.9714,80.4392,57.61,27,74,6.71
453,Yulara,AU,2022-09-10 22:42:29,-25.2406,130.9889,57.52,68,31,16.26
454,Ilo,PE,2022-09-10 22:42:29,-17.6394,-71.3375,58.87,81,42,6.85
455,Hobyo,SO,2022-09-10 22:42:29,5.3505,48.5268,76.33,87,38,24.63
456,Ahuimanu,US,2022-09-10 22:42:30,21.4447,-157.8378,87.51,56,75,11.5
457,Axim,GH,2022-09-10 22:42:30,4.8699,-2.2405,73.74,91,84,7.07
458,Oistins,BB,2022-09-10 22:42:31,13.0667,-59.5333,82.49,74,20,11.5
459,Callaway,US,2022-09-10 22:39:19,30.153,-85.5699,77.95,95,100,10.36
460,Hirtshals,DK,2022-09-10 22:42:31,57.5881,9.9592,58.78,80,100,8.7
461,Bonavista,CA,2022-09-10 22:42:32,48.6499,-53.1147,56.77,84,100,30.24
462,Valparaiso,CL,2022-09-10 22:41:13,-33.0393,-71.6273,57.0,93,100,8.05
463,Krasnogorsk,RU,2022-09-10 22:43:32,55.8225,37.3181,45.05,84,0,4.47
464,Bariadi,TZ,2022-09-10 22:43:32,-2.8,33.9833,70.63,61,35,4.45
465,Rawson,AR,2022-09-10 22:43:33,-43.3002,-65.1023,56.07,42,0,9.31
466,Abrau-Dyurso,RU,2022-09-10 22:43:33,44.69,37.59,62.06,46,9,8.9
467,Kytmanovo,RU,2022-09-10 22:43:34,53.4593,85.4479,45.93,60,76,3.69
468,Touros,BR,2022-09-10 22:43:34,-5.1989,-35.4608,76.84,75,0,17.6
469,Maroantsetra,MG,2022-09-10 22:43:35,-15.4333,49.7333,67.96,88,78,1.72
470,Biskamzha,RU,2022-09-10 22:43:35,53.4497,89.5272,39.51,79,50,1.57
471,Morant Bay,JM,2022-09-10 22:43:36,17.8815,-76.4093,87.42,80,34,9.42
472,Lauterbach,DE,2022-09-10 22:43:36,50.6333,9.4,58.12,95,100,7.29
473,Laguna,US,2022-09-10 22:43:36,38.421,-121.4238,89.08,44,0,17.27
474,Asfi,MA,2022-09-10 22:43:37,32.2994,-9.2372,71.71,86,33,11.68
475,Loa Janan,ID,2022-09-10 22:43:37,-0.583,117.095,72.88,98,100,1.72
476,Vaitape,PF,2022-09-10 22:43:38,-16.5167,-151.75,78.57,73,4,18.54
477,Opuwo,NA,2022-09-10 22:43:38,-18.0607,13.84,68.9,28,0,4.03
478,Erzincan,TR,2022-09-10 22:43:38,39.75,39.5,51.1,66,0,2.3
479,Inuvik,CA,2022-09-10 22:43:39,68.3499,-133.7218,43.66,96,100,3.44
480,Flinders,AU,2022-09-10 22:43:39,-34.5833,150.8552,60.06,61,9,7.0
481,Siauliai,LT,2022-09-10 22:43:39,55.9333,23.3167,44.62,81,99,5.75
482,Kavaratti,IN,2022-09-10 22:43:40,10.5669,72.642,80.29,81,100,20.92
483,Vao,NC,2022-09-10 22:43:40,-22.6667,167.4833,73.58,82,2,5.59
484,Nizhniy Lomov,RU,2022-09-10 22:43:40,53.5304,43.6766,43.45,68,31,2.13
485,Sur,OM,2022-09-10 22:43:41,22.5667,59.5289,85.23,58,94,8.59
486,Ulladulla,AU,2022-09-10 22:43:41,-35.35,150.4667,51.76,66,2,4.25
487,Tautira,PF,2022-09-10 22:43:42,-17.7333,-149.15,78.01,67,13,18.41
488,Havixbeck,DE,2022-09-10 22:43:42,51.9833,7.4167,61.63,95,64,6.64
489,Caohai,CN,2022-09-10 22:43:43,26.8661,104.2841,54.59,98,100,2.42
490,La Ronge,CA,2022-09-10 22:42:19,55.1001,-105.2842,70.05,24,40,12.66
491,Praia Da Vitoria,PT,2022-09-10 22:43:43,38.7333,-27.0667,72.75,83,40,17.67
492,Horta,PT,2022-09-10 22:43:44,38.5333,-28.6333,71.89,73,100,26.24
493,Camargo,MX,2022-09-10 22:43:44,27.6667,-105.1667,89.78,22,7,4.52
494,Uray,RU,2022-09-10 22:43:45,60.1247,64.7758,42.89,92,100,3.58
495,Natal,BR,2022-09-10 22:43:45,-5.795,-35.2094,79.02,73,0,11.5
496,Bentiu,SS,2022-09-10 22:43:46,9.2333,29.8333,71.62,97,78,4.5
497,Pasni,PK,2022-09-10 22:43:46,25.2631,63.471,82.26,76,86,11.77
498,Westport,US,2022-09-10 22:43:46,41.1415,-73.3579,81.73,55,0,9.22
499,Oranjestad,AW,2022-09-10 22:41:11,12.524,-70.027,87.75,70,20,20.71
500,Manturovo,RU,2022-09-10 22:43:47,58.3353,44.7619,46.13,74,100,3.69
501,Khani,GE,2022-09-10 22:43:47,41.9563,42.9566,47.77,71,43,5.91
502,Moen,NO,2022-09-10 22:43:47,69.1304,18.6123,45.86,100,75,0.0
503,Draguignan,FR,2022-09-10 22:43:48,43.5333,6.4667,73.83,45,18,20.71
504,Zheleznogorsk,RU,2022-09-10 22:43:48,52.331,35.3711,49.64,41,96,12.01
505,Adrar,MR,2022-09-10 22:43:48,20.5022,-10.0711,97.52,22,54,14.92
506,Qaqortoq,GL,2022-09-10 22:43:49,60.7167,-46.0333,45.88,75,64,2.98
507,Kaseda,JP,2022-09-10 22:44:49,31.4167,130.3167,79.3,79,40,8.3
508,Lucea,JM,2022-09-10 22:44:50,18.451,-78.1736,82.26,76,12,8.57
509,Nanyang,CN,2022-09-10 22:44:50,32.9947,112.5328,67.55,74,0,4.81
510,Seoul,KR,2022-09-10 22:40:45,37.5683,126.9778,69.37,80,0,4.61
511,Manta,EC,2022-09-10 22:44:51,-0.95,-80.7333,74.98,69,75,11.5
512,Plettenberg Bay,ZA,2022-09-10 22:44:51,-34.0527,23.3716,56.37,75,28,9.33
513,Charagua,BO,2022-09-10 22:44:51,-19.8,-63.2167,71.17,30,0,2.71
514,Katobu,ID,2022-09-10 22:44:52,-4.9408,122.5276,76.75,81,53,3.11
515,Falanna,GR,2022-09-10 22:44:52,39.7167,22.4,79.41,60,0,0.0
516,Isangel,VU,2022-09-10 22:44:52,-19.55,169.2667,82.51,78,40,2.3
517,Mabaruma,GY,2022-09-10 22:44:53,8.2,-59.7833,74.41,97,30,3.58
518,Puerto El Triunfo,SV,2022-09-10 22:44:53,13.2833,-88.55,85.12,86,90,5.95
519,Vardo,NO,2022-09-10 22:44:54,70.3705,31.1107,48.18,81,100,13.8
520,Mbandaka,CD,2022-09-10 22:44:54,0.0487,18.2603,70.16,95,31,2.95
521,Kawalu,ID,2022-09-10 22:44:55,-7.3817,108.2082,71.82,98,99,1.57
522,Marawi,PH,2022-09-10 22:44:55,7.9986,124.2928,70.9,87,100,3.36
523,Port Blair,IN,2022-09-10 22:44:56,11.6667,92.75,80.47,82,64,12.48
524,Nanortalik,GL,2022-09-10 22:44:56,60.1432,-45.2371,44.38,75,32,8.99
525,Altay,CN,2022-09-10 22:44:56,47.8667,88.1167,57.67,59,3,5.53
526,Begoro,GH,2022-09-10 22:44:57,6.3871,-0.3774,68.43,97,50,4.07
527,Henties Bay,NA,2022-09-10 22:44:57,-22.116,14.2845,55.98,91,1,5.75
528,Manbij,SY,2022-09-10 22:44:57,36.5281,37.9549,78.1,32,0,9.46
529,Meulaboh,ID,2022-09-10 22:44:58,4.1363,96.1285,75.2,88,78,4.12
530,Tahoua,NE,2022-09-10 22:44:58,14.8888,5.2692,81.25,67,99,10.98
531,Rio Gallegos,AR,2022-09-10 22:41:36,-51.6226,-69.2181,53.65,47,20,11.5
532,Paro,BT,2022-09-10 22:44:58,27.4305,89.4133,58.17,94,76,3.71
533,Careiro Da Varzea,BR,2022-09-10 22:44:59,-3.2003,-59.8119,90.23,41,44,3.11
534,Kangalassy,RU,2022-09-10 22:44:59,62.3464,129.9628,39.13,78,23,9.26
535,Porto Novo,BJ,2022-09-10 22:45:00,6.4965,2.6036,76.68,82,97,6.13
536,Genhe,CN,2022-09-10 22:45:00,50.7833,121.5167,55.35,95,100,4.74
537,Andenes,NO,2022-09-10 22:45:00,69.3143,16.1194,47.93,93,100,4.61
538,Marzuq,YE,2022-09-10 22:45:01,14.4,46.4667,80.67,49,98,2.28
539,Sheboygan,US,2022-09-10 22:40:09,43.7333,-87.9334,72.37,87,100,9.22
540,Farsund,NO,2022-09-10 22:45:01,58.0948,6.8047,59.05,100,96,4.0
541,Dubuque,US,2022-09-10 22:45:02,42.4833,-90.8668,67.68,80,100,16.11
542,Powell,US,2022-09-10 22:45:02,40.1578,-83.0752,76.46,76,0,8.05
543,Salisbury,GB,2022-09-10 22:45:02,51.0693,-1.7957,57.97,88,99,3.44
544,Mackay,AU,2022-09-10 22:43:59,-21.15,149.2,75.69,46,0,6.98
545,Korla,CN,2022-09-10 22:45:03,41.7597,86.1469,76.21,22,1,11.86
546,Svetlyy,RU,2022-09-10 22:45:03,54.675,20.1347,51.96,80,100,6.49
547,Tilichiki,RU,2022-09-10 22:45:04,60.4667,166.1,51.87,81,97,5.5
548,Purranque,CL,2022-09-10 22:45:04,-40.9167,-73.1667,56.53,96,21,2.33
549,Mangrol,IN,2022-09-10 22:45:05,21.1167,70.1167,78.8,84,100,2.44
550,Sangueya,GN,2022-09-10 22:45:05,10.7,-14.3667,74.79,92,100,1.43
551,Huaihua,CN,2022-09-10 22:45:06,27.5494,109.9592,71.62,86,100,3.27
552,Mgachi,RU,2022-09-10 22:45:06,51.05,142.2667,67.24,60,38,10.16
553,Zig,US,2022-09-10 22:45:07,40.127,-92.7663,75.49,80,40,10.36
554,Keller,US,2022-09-10 22:46:07,32.9346,-97.2517,91.54,42,20,11.5
